page_name,party,start,stop,spend_estimate,impressions_estimate,platforms,text,link
Reform UK,Reform UK,2026-07-22,still running,50,9500,"facebook, instagram",Do not forget fourteen years of false promises and botched policy. The Tories broke Britain.,https://www.facebook.com/ads/library/?id=914087614344818
Nigel Farage,Reform UK,2026-07-22,still running,50,50,"facebook, instagram","Join me at Reform Party Conference 2026! 🔥

This is your chance to hear from me and senior party figures, meet fellow members and supporters from across the country, and be part of shaping Britain's future.

I'd love to see you there. Get your tickets now.",https://www.facebook.com/ads/library/?id=1579988370189006
Reform UK,Reform UK,2026-07-22,2026-07-22,50,1500,"facebook, instagram",Do not forget fourteen years of false promises and botched policy. The Tories broke Britain.,https://www.facebook.com/ads/library/?id=2583618405421319
Reform UK,Reform UK,2026-07-22,still running,50,9500,"facebook, instagram","🚨 Jordan Bardella will be speaking at our conference in Birmingham this September.

You won’t want to miss this. 👇

reformpartyconference.co.uk",https://www.facebook.com/ads/library/?id=1730196234844020
Reform UK,Reform UK,2026-07-22,2026-07-22,50,1500,"facebook, instagram",Do not forget fourteen years of false promises and botched policy. The Tories broke Britain.,https://www.facebook.com/ads/library/?id=1526553482541475
Nigel Farage,Reform UK,2026-07-22,still running,50,550,"facebook, instagram","The choice in this by-election on 13th August couldn't be clearer. It's me or the establishment.

Make your pick. The choice in this by-election on 13th August couldn't be clearer. It's me or the establishment.

Make your pick.",https://www.facebook.com/ads/library/?id=1605723154811465
Rupert Lowe,Restore Britain,2026-07-22,still running,50,37500,"facebook, instagram","The people of Greater Manchester will reject this foul establishment attack on Restore Britain's mayoral candidate, Marlon Scott West.",https://www.facebook.com/ads/library/?id=2219588302227427
Reform UK,Reform UK,2026-07-21,2026-07-22,50,50,"facebook, instagram","If you support our call for a general election, sign our petition here.",https://www.facebook.com/ads/library/?id=2285884938847155
Reform UK,Reform UK,2026-07-21,2026-07-22,150,17500,"facebook, instagram","If you support our call for a general election, sign our petition here.",https://www.facebook.com/ads/library/?id=1410569420962529
Reform UK,Reform UK,2026-07-21,2026-07-22,50,17500,"facebook, instagram",Andy Burnham won't act to fix Britain. He has no mandate and we need a general election now.,https://www.facebook.com/ads/library/?id=1496304272247222
Reform UK,Reform UK,2026-07-21,2026-07-22,50,17500,"facebook, instagram",Andy Burnham has become PM with almost no scrutiny or mandate from the British people. We need a general election now.,https://www.facebook.com/ads/library/?id=1032140456067355
Reform UK,Reform UK,2026-07-21,2026-07-22,50,17500,"facebook, instagram",Andy Burnham has previously backed yet more tax rises. He has no mandate and we need a general election now.,https://www.facebook.com/ads/library/?id=3022111127994730
The Labour Party,Labour,2026-07-21,2026-07-22,50,12500,"facebook, instagram","Andy Burnham’s first pledge as Prime Minister is to end rough sleeping in this country.

Back Andy’s plan to build a country where everyone has the security of a roof over their head and a chance to get back on their feet. Andy Burnham’s first pledge as Prime Minister is to end rough sleeping in this country.

Back Andy’s plan to build a country where everyone has the security of a roof over their head and a chance to get back on their feet.",https://www.facebook.com/ads/library/?id=1568722174892574
The Labour Party,Labour,2026-07-21,2026-07-22,50,2500,"facebook, instagram","Andy Burnham wants to do things differently: problem-solving, not point-scoring; long-term, not short-term; power taken out of Westminster and put into the hands of people and places.

If you agree, add your name and tell us what matters most to you. Andy Burnham wants to do things differently: problem-solving, not point-scoring; long-term, not short-term; power taken out of Westminster and put into the hands of people and places.

If you agree, add your name and tell us what matters most to you. Andy Burnham wants to do things differently: problem-solving, not point-scoring; long-term, not short-term; power taken out of Westminster and put into the hands of people and places.

If you agree, add your name and tell us what matters most to you.",https://www.facebook.com/ads/library/?id=2489362538204940
The Labour Party,Labour,2026-07-21,still running,950,112500,"facebook, instagram","Andy Burnham wants to do things differently: problem-solving, not point-scoring; long-term, not short-term; power taken out of Westminster and put into the hands of people and places.

If you agree, add your name and tell us what matters most to you. Andy Burnham wants to do things differently: problem-solving, not point-scoring; long-term, not short-term; power taken out of Westminster and put into the hands of people and places.

If you agree, add your name and tell us what matters most to you. Andy Burnham wants to do things differently: problem-solving, not point-scoring; long-term, not short-term; power taken out of Westminster and put into the hands of people and places.

If you agree, add your name and tell us what matters most to you.",https://www.facebook.com/ads/library/?id=1595081212238143
The Labour Party,Labour,2026-07-21,2026-07-22,50,550,"facebook, instagram","Andy Burnham’s first pledge as Prime Minister is to end rough sleeping in this country.

Back Andy’s plan to build a country where everyone has the security of a roof over their head and a chance to get back on their feet. Andy Burnham’s first pledge as Prime Minister is to end rough sleeping in this country.

Back Andy’s plan to build a country where everyone has the security of a roof over their head and a chance to get back on their feet.",https://www.facebook.com/ads/library/?id=2278747925994894
The Labour Party,Labour,2026-07-21,2026-07-22,50,5500,"facebook, instagram","Andy Burnham wants to do things differently: problem-solving, not point-scoring; long-term, not short-term; power taken out of Westminster and put into the hands of people and places.

If you agree, add your name and tell us what matters most to you. Andy Burnham wants to do things differently: problem-solving, not point-scoring; long-term, not short-term; power taken out of Westminster and put into the hands of people and places.

If you agree, add your name and tell us what matters most to you. Andy Burnham wants to do things differently: problem-solving, not point-scoring; long-term, not short-term; power taken out of Westminster and put into the hands of people and places.

If you agree, add your name and tell us what matters most to you.",https://www.facebook.com/ads/library/?id=3925401394432848
The Labour Party,Labour,2026-07-21,2026-07-22,50,550,"facebook, instagram","Andy Burnham’s first pledge as Prime Minister is to end rough sleeping in this country.

Back Andy’s plan to build a country where everyone has the security of a roof over their head and a chance to get back on their feet. Andy Burnham’s first pledge as Prime Minister is to end rough sleeping in this country.

Back Andy’s plan to build a country where everyone has the security of a roof over their head and a chance to get back on their feet.",https://www.facebook.com/ads/library/?id=2104257087162621
Reform UK,Reform UK,2026-07-21,2026-07-22,50,7500,"facebook, instagram","Andy Burnham has no mandate and yet Kemi Badenoch refuses to call for a General Election. 

The Tories are running scared of Reform.",https://www.facebook.com/ads/library/?id=916101504859500
Reform UK,Reform UK,2026-07-21,2026-07-22,50,6500,"facebook, instagram","Andy Burnham has no mandate and refuses to call a General Election.

Labour are running scared of Reform.",https://www.facebook.com/ads/library/?id=1355508916708110
Reform UK,Reform UK,2026-07-21,2026-07-22,50,6500,"facebook, instagram","Andy Burnham refuses to call a General Election and Kemi Badenoch agrees with him.

The Uniparty are running scared of Reform.",https://www.facebook.com/ads/library/?id=2081956733198930
The Reclaim Party,Reclaim,2026-07-21,still running,150,17500,"facebook, instagram",Laurence Fox  - the exception proving the rule,https://www.facebook.com/ads/library/?id=1326525386312978
Reform UK,Reform UK,2026-07-21,still running,50,12500,"facebook, instagram","Andy Burnham refuses to call a General Election and Kemi Badenoch agrees with him.

The Uniparty are running scared of Reform.",https://www.facebook.com/ads/library/?id=1605087280956605
Reform UK,Reform UK,2026-07-21,still running,50,22500,"facebook, instagram",Andy Burnham won't act to fix Britain. He has no mandate and we need a general election now.,https://www.facebook.com/ads/library/?id=1316031510285896
Reform UK,Reform UK,2026-07-21,still running,50,12500,"facebook, instagram","Andy Burnham has no mandate and refuses to call a General Election.

Labour are running scared of Reform.",https://www.facebook.com/ads/library/?id=1656504903145924
Reform UK,Reform UK,2026-07-21,still running,50,22500,"facebook, instagram",Andy Burnham won't act to fix Britain. He has no mandate and we need a general election now.,https://www.facebook.com/ads/library/?id=2464712223992032
Reform UK,Reform UK,2026-07-21,still running,50,17500,"facebook, instagram","If you support our call for a general election, sign our petition here.",https://www.facebook.com/ads/library/?id=821118040984596
Reform UK,Reform UK,2026-07-21,still running,50,22500,"facebook, instagram",Andy Burnham has become PM with almost no scrutiny or mandate from the British people. We need a general election now.,https://www.facebook.com/ads/library/?id=874025648743756
Reform UK,Reform UK,2026-07-21,still running,50,12500,"facebook, instagram","Andy Burnham has no mandate and yet Kemi Badenoch refuses to call for a General Election. 

The Tories are running scared of Reform.",https://www.facebook.com/ads/library/?id=1018686414195101
Reform UK,Reform UK,2026-07-21,still running,50,17500,"facebook, instagram",Andy Burnham has previously backed yet more tax rises. He has no mandate and we need a general election now.,https://www.facebook.com/ads/library/?id=2330049404398546
Reform UK,Reform UK,2026-07-21,still running,50,3500,"facebook, instagram","If you support our call for a general election, sign our petition here.",https://www.facebook.com/ads/library/?id=1704782560791088
Nigel Farage,Reform UK,2026-07-21,still running,50,9500,"facebook, instagram","Britain’s establishment is doing everything they can to stop a political revolution. 

Send them a message. Britain’s establishment is doing everything they can to stop a political revolution. 

Send them a message.",https://www.facebook.com/ads/library/?id=1762882244885842
Nigel Farage,Reform UK,2026-07-21,2026-07-21,50,50,"facebook, instagram","The choice in this by-election couldn't be clearer. It's me or the establishment.

Make your pick. The choice in this by-election couldn't be clearer. It's me or the establishment.

Make your pick.",https://www.facebook.com/ads/library/?id=3221804424673642
The Reclaim Party,Reclaim,2026-07-21,still running,250,27500,"facebook, instagram",Laurence Fox  - the exception proving the rule,https://www.facebook.com/ads/library/?id=4687994278100400
Reform UK,Reform UK,2026-07-21,2026-07-22,50,17500,"facebook, instagram",Andy Burnham won't act to fix Britain. He has no mandate and we need a general election now.,https://www.facebook.com/ads/library/?id=4466026323665922
Nigel Farage,Reform UK,2026-07-20,still running,2750,850000,"facebook, instagram","Britain’s establishment is doing everything they can to stop a political revolution. 

Send them a message. Britain’s establishment is doing everything they can to stop a political revolution. 

Send them a message.",https://www.facebook.com/ads/library/?id=2936199116779171
Nigel Farage,Reform UK,2026-07-19,2026-07-21,50,5500,"facebook, instagram","Britain’s establishment is doing everything they can to stop a political revolution. 

Send them a message.",https://www.facebook.com/ads/library/?id=2129772547569806
Reform UK,Reform UK,2026-07-19,2026-07-22,50,22500,"facebook, instagram","Reform UK will stop the small boats, close asylum hotels, and quit European courts to secure our borders.",https://www.facebook.com/ads/library/?id=1066110949415917
Reform UK,Reform UK,2026-07-19,2026-07-22,50,12500,"facebook, instagram",Reform UK councils have delivered the lowest average council tax rises in the country. ✅,https://www.facebook.com/ads/library/?id=1527618895837029
Reform UK,Reform UK,2026-07-19,2026-07-22,50,7500,"facebook, instagram","Reform UK will stop the small boats, close asylum hotels, and quit European courts to secure our borders.",https://www.facebook.com/ads/library/?id=1746034693243935
Reform UK,Reform UK,2026-07-19,still running,50,2500,"facebook, instagram",Click here and sign our petition if you agree that illegal arrivals to the UK should be detained and deported. Click here and sign our petition if you agree that illegal arrivals to the UK should be detained and deported.,https://www.facebook.com/ads/library/?id=1368151201932799
Reform UK,Reform UK,2026-07-19,still running,50,2500,"facebook, instagram",Click here and sign our petition if you agree that illegal arrivals to the UK should be detained and deported. Click here and sign our petition if you agree that illegal arrivals to the UK should be detained and deported.,https://www.facebook.com/ads/library/?id=1379623880771304
Reform UK,Reform UK,2026-07-19,still running,50,2500,"facebook, instagram",Click here and sign our petition if you agree that illegal arrivals to the UK should be detained and deported. Click here and sign our petition if you agree that illegal arrivals to the UK should be detained and deported.,https://www.facebook.com/ads/library/?id=887224707784044
Reform UK,Reform UK,2026-07-19,still running,50,2500,"facebook, instagram",Click here and sign our petition if you agree that illegal arrivals to the UK should be detained and deported. Click here and sign our petition if you agree that illegal arrivals to the UK should be detained and deported.,https://www.facebook.com/ads/library/?id=915614317494374
Reform UK,Reform UK,2026-07-19,still running,50,2500,"facebook, instagram",Click here and sign our petition if you agree that illegal arrivals to the UK should be detained and deported. Click here and sign our petition if you agree that illegal arrivals to the UK should be detained and deported.,https://www.facebook.com/ads/library/?id=997854883245527
Reform UK,Reform UK,2026-07-19,still running,50,2500,"facebook, instagram",Click here and sign our petition if you agree that illegal arrivals to the UK should be detained and deported. Click here and sign our petition if you agree that illegal arrivals to the UK should be detained and deported.,https://www.facebook.com/ads/library/?id=997873779745142
Reform UK,Reform UK,2026-07-19,still running,50,3500,"facebook, instagram",Click here and sign our petition if you agree that illegal arrivals to the UK should be detained and deported. Click here and sign our petition if you agree that illegal arrivals to the UK should be detained and deported.,https://www.facebook.com/ads/library/?id=1023844150401951
Reform UK,Reform UK,2026-07-19,still running,50,2500,"facebook, instagram",Click here and sign our petition if you agree that illegal arrivals to the UK should be detained and deported. Click here and sign our petition if you agree that illegal arrivals to the UK should be detained and deported.,https://www.facebook.com/ads/library/?id=1045675031191101
Reform UK,Reform UK,2026-07-19,still running,50,2500,"facebook, instagram",Click here and sign our petition if you agree that illegal arrivals to the UK should be detained and deported. Click here and sign our petition if you agree that illegal arrivals to the UK should be detained and deported.,https://www.facebook.com/ads/library/?id=1199824115632845
Reform UK,Reform UK,2026-07-19,still running,50,2500,"facebook, instagram",Click here and sign our petition if you agree that illegal arrivals to the UK should be detained and deported. Click here and sign our petition if you agree that illegal arrivals to the UK should be detained and deported.,https://www.facebook.com/ads/library/?id=1222577966660846
Reform UK,Reform UK,2026-07-19,still running,50,2500,"facebook, instagram",Click here and sign our petition if you agree that illegal arrivals to the UK should be detained and deported. Click here and sign our petition if you agree that illegal arrivals to the UK should be detained and deported.,https://www.facebook.com/ads/library/?id=1326987432845491
Reform UK,Reform UK,2026-07-19,still running,50,2500,"facebook, instagram",Click here and sign our petition if you agree that illegal arrivals to the UK should be detained and deported. Click here and sign our petition if you agree that illegal arrivals to the UK should be detained and deported.,https://www.facebook.com/ads/library/?id=1464959962328902
Reform UK,Reform UK,2026-07-19,still running,50,2500,"facebook, instagram",Click here and sign our petition if you agree that illegal arrivals to the UK should be detained and deported. Click here and sign our petition if you agree that illegal arrivals to the UK should be detained and deported.,https://www.facebook.com/ads/library/?id=2119885655253749
Reform UK,Reform UK,2026-07-19,still running,50,3500,"facebook, instagram",Click here and sign our petition if you agree that illegal arrivals to the UK should be detained and deported. Click here and sign our petition if you agree that illegal arrivals to the UK should be detained and deported.,https://www.facebook.com/ads/library/?id=2471918423277571
Reform UK,Reform UK,2026-07-19,still running,50,2500,"facebook, instagram",Click here and sign our petition if you agree that illegal arrivals to the UK should be detained and deported. Click here and sign our petition if you agree that illegal arrivals to the UK should be detained and deported.,https://www.facebook.com/ads/library/?id=4387785284802384
Reform UK,Reform UK,2026-07-19,still running,50,2500,"facebook, instagram",Click here and sign our petition if you agree that illegal arrivals to the UK should be detained and deported. Click here and sign our petition if you agree that illegal arrivals to the UK should be detained and deported.,https://www.facebook.com/ads/library/?id=858649480433490
Reform UK,Reform UK,2026-07-19,still running,50,2500,"facebook, instagram",Click here and sign our petition if you agree that illegal arrivals to the UK should be detained and deported. Click here and sign our petition if you agree that illegal arrivals to the UK should be detained and deported.,https://www.facebook.com/ads/library/?id=930842463377086
Reform UK,Reform UK,2026-07-19,still running,50,2500,"facebook, instagram",Click here and sign our petition if you agree that illegal arrivals to the UK should be detained and deported. Click here and sign our petition if you agree that illegal arrivals to the UK should be detained and deported.,https://www.facebook.com/ads/library/?id=974483778932969
Reform UK,Reform UK,2026-07-19,still running,50,2500,"facebook, instagram",Click here and sign our petition if you agree that illegal arrivals to the UK should be detained and deported. Click here and sign our petition if you agree that illegal arrivals to the UK should be detained and deported.,https://www.facebook.com/ads/library/?id=976599792081574
Reform UK,Reform UK,2026-07-19,still running,50,2500,"facebook, instagram",Click here and sign our petition if you agree that illegal arrivals to the UK should be detained and deported. Click here and sign our petition if you agree that illegal arrivals to the UK should be detained and deported.,https://www.facebook.com/ads/library/?id=1004813485876443
Reform UK,Reform UK,2026-07-19,still running,50,2500,"facebook, instagram",Click here and sign our petition if you agree that illegal arrivals to the UK should be detained and deported. Click here and sign our petition if you agree that illegal arrivals to the UK should be detained and deported.,https://www.facebook.com/ads/library/?id=1023550783630198
Reform UK,Reform UK,2026-07-19,still running,50,2500,"facebook, instagram",Click here and sign our petition if you agree that illegal arrivals to the UK should be detained and deported. Click here and sign our petition if you agree that illegal arrivals to the UK should be detained and deported.,https://www.facebook.com/ads/library/?id=1032669696391350
Reform UK,Reform UK,2026-07-19,still running,50,2500,"facebook, instagram",Click here and sign our petition if you agree that illegal arrivals to the UK should be detained and deported. Click here and sign our petition if you agree that illegal arrivals to the UK should be detained and deported.,https://www.facebook.com/ads/library/?id=1042552261704337
Reform UK,Reform UK,2026-07-19,still running,50,2500,"facebook, instagram",Click here and sign our petition if you agree that illegal arrivals to the UK should be detained and deported. Click here and sign our petition if you agree that illegal arrivals to the UK should be detained and deported.,https://www.facebook.com/ads/library/?id=1053149563931867
Reform UK,Reform UK,2026-07-19,still running,50,2500,"facebook, instagram",Click here and sign our petition if you agree that illegal arrivals to the UK should be detained and deported. Click here and sign our petition if you agree that illegal arrivals to the UK should be detained and deported.,https://www.facebook.com/ads/library/?id=1058328113813641
Reform UK,Reform UK,2026-07-19,still running,50,2500,"facebook, instagram",Click here and sign our petition if you agree that illegal arrivals to the UK should be detained and deported. Click here and sign our petition if you agree that illegal arrivals to the UK should be detained and deported.,https://www.facebook.com/ads/library/?id=1103823308762699
Reform UK,Reform UK,2026-07-19,still running,50,2500,"facebook, instagram",Click here and sign our petition if you agree that illegal arrivals to the UK should be detained and deported. Click here and sign our petition if you agree that illegal arrivals to the UK should be detained and deported.,https://www.facebook.com/ads/library/?id=1218786193711813
Reform UK,Reform UK,2026-07-19,still running,50,2500,"facebook, instagram",Click here and sign our petition if you agree that illegal arrivals to the UK should be detained and deported. Click here and sign our petition if you agree that illegal arrivals to the UK should be detained and deported.,https://www.facebook.com/ads/library/?id=1332162625669347
Reform UK,Reform UK,2026-07-19,still running,50,2500,"facebook, instagram",Click here and sign our petition if you agree that illegal arrivals to the UK should be detained and deported. Click here and sign our petition if you agree that illegal arrivals to the UK should be detained and deported.,https://www.facebook.com/ads/library/?id=1340716851606683
Reform UK,Reform UK,2026-07-19,still running,50,2500,"facebook, instagram",Click here and sign our petition if you agree that illegal arrivals to the UK should be detained and deported. Click here and sign our petition if you agree that illegal arrivals to the UK should be detained and deported.,https://www.facebook.com/ads/library/?id=1343901833980098
Reform UK,Reform UK,2026-07-19,still running,50,2500,"facebook, instagram",Click here and sign our petition if you agree that illegal arrivals to the UK should be detained and deported. Click here and sign our petition if you agree that illegal arrivals to the UK should be detained and deported.,https://www.facebook.com/ads/library/?id=1357142769121973
Reform UK,Reform UK,2026-07-19,still running,50,2500,"facebook, instagram",Click here and sign our petition if you agree that illegal arrivals to the UK should be detained and deported. Click here and sign our petition if you agree that illegal arrivals to the UK should be detained and deported.,https://www.facebook.com/ads/library/?id=1529817688643053
Reform UK,Reform UK,2026-07-19,still running,50,2500,"facebook, instagram",Click here and sign our petition if you agree that illegal arrivals to the UK should be detained and deported. Click here and sign our petition if you agree that illegal arrivals to the UK should be detained and deported.,https://www.facebook.com/ads/library/?id=1556325505948032
Reform UK,Reform UK,2026-07-19,still running,50,2500,"facebook, instagram",Click here and sign our petition if you agree that illegal arrivals to the UK should be detained and deported. Click here and sign our petition if you agree that illegal arrivals to the UK should be detained and deported.,https://www.facebook.com/ads/library/?id=1556668592800277
Reform UK,Reform UK,2026-07-19,still running,50,2500,"facebook, instagram",Click here and sign our petition if you agree that illegal arrivals to the UK should be detained and deported. Click here and sign our petition if you agree that illegal arrivals to the UK should be detained and deported.,https://www.facebook.com/ads/library/?id=1557205256053781
Reform UK,Reform UK,2026-07-19,still running,50,2500,"facebook, instagram",Click here and sign our petition if you agree that illegal arrivals to the UK should be detained and deported. Click here and sign our petition if you agree that illegal arrivals to the UK should be detained and deported.,https://www.facebook.com/ads/library/?id=1563145825157954
Reform UK,Reform UK,2026-07-19,still running,50,3500,"facebook, instagram",Click here and sign our petition if you agree that illegal arrivals to the UK should be detained and deported. Click here and sign our petition if you agree that illegal arrivals to the UK should be detained and deported.,https://www.facebook.com/ads/library/?id=1576595250685905
Reform UK,Reform UK,2026-07-19,still running,50,2500,"facebook, instagram",Click here and sign our petition if you agree that illegal arrivals to the UK should be detained and deported. Click here and sign our petition if you agree that illegal arrivals to the UK should be detained and deported.,https://www.facebook.com/ads/library/?id=1682152069502709
Reform UK,Reform UK,2026-07-19,still running,50,2500,"facebook, instagram",Click here and sign our petition if you agree that illegal arrivals to the UK should be detained and deported. Click here and sign our petition if you agree that illegal arrivals to the UK should be detained and deported.,https://www.facebook.com/ads/library/?id=1701451157742599
Reform UK,Reform UK,2026-07-19,still running,50,2500,"facebook, instagram",Click here and sign our petition if you agree that illegal arrivals to the UK should be detained and deported. Click here and sign our petition if you agree that illegal arrivals to the UK should be detained and deported.,https://www.facebook.com/ads/library/?id=1714317126358597
Reform UK,Reform UK,2026-07-19,still running,50,2500,"facebook, instagram",Click here and sign our petition if you agree that illegal arrivals to the UK should be detained and deported. Click here and sign our petition if you agree that illegal arrivals to the UK should be detained and deported.,https://www.facebook.com/ads/library/?id=1714539452784106
Reform UK,Reform UK,2026-07-19,still running,50,2500,"facebook, instagram",Click here and sign our petition if you agree that illegal arrivals to the UK should be detained and deported. Click here and sign our petition if you agree that illegal arrivals to the UK should be detained and deported.,https://www.facebook.com/ads/library/?id=1715708756294742
Reform UK,Reform UK,2026-07-19,still running,50,2500,"facebook, instagram",Click here and sign our petition if you agree that illegal arrivals to the UK should be detained and deported. Click here and sign our petition if you agree that illegal arrivals to the UK should be detained and deported.,https://www.facebook.com/ads/library/?id=1731132954948519
Reform UK,Reform UK,2026-07-19,still running,50,2500,"facebook, instagram",Click here and sign our petition if you agree that illegal arrivals to the UK should be detained and deported. Click here and sign our petition if you agree that illegal arrivals to the UK should be detained and deported.,https://www.facebook.com/ads/library/?id=1876124636681216
Reform UK,Reform UK,2026-07-19,still running,50,2500,"facebook, instagram",Click here and sign our petition if you agree that illegal arrivals to the UK should be detained and deported. Click here and sign our petition if you agree that illegal arrivals to the UK should be detained and deported.,https://www.facebook.com/ads/library/?id=1907210369948553
Reform UK,Reform UK,2026-07-19,still running,50,2500,"facebook, instagram",Click here and sign our petition if you agree that illegal arrivals to the UK should be detained and deported. Click here and sign our petition if you agree that illegal arrivals to the UK should be detained and deported.,https://www.facebook.com/ads/library/?id=1923432971684189
Reform UK,Reform UK,2026-07-19,still running,50,2500,"facebook, instagram",Click here and sign our petition if you agree that illegal arrivals to the UK should be detained and deported. Click here and sign our petition if you agree that illegal arrivals to the UK should be detained and deported.,https://www.facebook.com/ads/library/?id=2024083784881427
Reform UK,Reform UK,2026-07-19,2026-07-22,50,2500,"facebook, instagram",Click here and sign our petition if you agree that illegal arrivals to the UK should be detained and deported. Click here and sign our petition if you agree that illegal arrivals to the UK should be detained and deported.,https://www.facebook.com/ads/library/?id=2255748435182055
Reform UK,Reform UK,2026-07-19,still running,50,2500,"facebook, instagram",Click here and sign our petition if you agree that illegal arrivals to the UK should be detained and deported. Click here and sign our petition if you agree that illegal arrivals to the UK should be detained and deported.,https://www.facebook.com/ads/library/?id=2497190780723387
Reform UK,Reform UK,2026-07-19,still running,50,2500,"facebook, instagram",Click here and sign our petition if you agree that illegal arrivals to the UK should be detained and deported. Click here and sign our petition if you agree that illegal arrivals to the UK should be detained and deported.,https://www.facebook.com/ads/library/?id=4758316914388094
Reform UK,Reform UK,2026-07-19,still running,50,2500,"facebook, instagram",Click here and sign our petition if you agree that illegal arrivals to the UK should be detained and deported. Click here and sign our petition if you agree that illegal arrivals to the UK should be detained and deported.,https://www.facebook.com/ads/library/?id=4816264915185390
Reform UK,Reform UK,2026-07-19,still running,50,2500,"facebook, instagram",Click here and sign our petition if you agree that illegal arrivals to the UK should be detained and deported. Click here and sign our petition if you agree that illegal arrivals to the UK should be detained and deported.,https://www.facebook.com/ads/library/?id=26870717235934757
Reform UK,Reform UK,2026-07-19,still running,50,2500,"facebook, instagram",Click here and sign our petition if you agree that illegal arrivals to the UK should be detained and deported. Click here and sign our petition if you agree that illegal arrivals to the UK should be detained and deported.,https://www.facebook.com/ads/library/?id=27445495541738700
Reform UK,Reform UK,2026-07-19,still running,50,2500,"facebook, instagram",Click here and sign our petition if you agree that illegal arrivals to the UK should be detained and deported. Click here and sign our petition if you agree that illegal arrivals to the UK should be detained and deported.,https://www.facebook.com/ads/library/?id=27497543556533638
Reform UK,Reform UK,2026-07-19,still running,50,2500,"facebook, instagram","Enough of waiting around - Reform is ready for an election and we can deliver radical change.

Sign our petition if you want a General Election.",https://www.facebook.com/ads/library/?id=1045456511325996
Reform UK,Reform UK,2026-07-19,still running,50,2500,"facebook, instagram","Enough of waiting around - Reform is ready for an election and we can deliver radical change.

Sign our petition if you want a General Election.",https://www.facebook.com/ads/library/?id=1296422302690076
Reform UK,Reform UK,2026-07-19,still running,50,2500,"facebook, instagram","Enough of waiting around - Reform is ready for an election and we can deliver radical change.

Sign our petition if you want a General Election.",https://www.facebook.com/ads/library/?id=1334466465026361
Reform UK,Reform UK,2026-07-19,still running,50,2500,"facebook, instagram","Enough of waiting around - Reform is ready for an election and we can deliver radical change.

Sign our petition if you want a General Election.",https://www.facebook.com/ads/library/?id=1574618070966212
Reform UK,Reform UK,2026-07-19,still running,50,3500,"facebook, instagram","Enough of waiting around - Reform is ready for an election and we can deliver radical change.

Sign our petition if you want a General Election.",https://www.facebook.com/ads/library/?id=1734189307722355
Reform UK,Reform UK,2026-07-19,still running,50,2500,"facebook, instagram","Enough of waiting around - Reform is ready for an election and we can deliver radical change.

Sign our petition if you want a General Election.",https://www.facebook.com/ads/library/?id=1980477039265097
Reform UK,Reform UK,2026-07-19,still running,50,2500,"facebook, instagram","Enough of waiting around - Reform is ready for an election and we can deliver radical change.

Sign our petition if you want a General Election.",https://www.facebook.com/ads/library/?id=2231826080970701
Reform UK,Reform UK,2026-07-19,still running,50,2500,"facebook, instagram","Enough of waiting around - Reform is ready for an election and we can deliver radical change.

Sign our petition if you want a General Election.",https://www.facebook.com/ads/library/?id=2258192604930751
Reform UK,Reform UK,2026-07-19,still running,50,2500,"facebook, instagram","Enough of waiting around - Reform is ready for an election and we can deliver radical change.

Sign our petition if you want a General Election.",https://www.facebook.com/ads/library/?id=2376922826410065
Reform UK,Reform UK,2026-07-19,still running,50,2500,"facebook, instagram","Enough of waiting around - Reform is ready for an election and we can deliver radical change.

Sign our petition if you want a General Election.",https://www.facebook.com/ads/library/?id=2697353373993601
Reform UK,Reform UK,2026-07-19,2026-07-22,50,2500,"facebook, instagram","Enough of waiting around - Reform is ready for an election and we can deliver radical change.

Sign our petition if you want a General Election.",https://www.facebook.com/ads/library/?id=2787888454917203
Reform UK,Reform UK,2026-07-19,still running,50,2500,"facebook, instagram","Enough of waiting around - Reform is ready for an election and we can deliver radical change.

Sign our petition if you want a General Election.",https://www.facebook.com/ads/library/?id=3150735701802578
Reform UK,Reform UK,2026-07-19,still running,50,2500,"facebook, instagram","Enough of waiting around - Reform is ready for an election and we can deliver radical change.

Sign our petition if you want a General Election.",https://www.facebook.com/ads/library/?id=3534156870067268
Reform UK,Reform UK,2026-07-19,still running,50,2500,"facebook, instagram","Enough of waiting around - Reform is ready for an election and we can deliver radical change.

Sign our petition if you want a General Election.",https://www.facebook.com/ads/library/?id=27861094806849791
Reform UK,Reform UK,2026-07-19,still running,50,2500,"facebook, instagram","Enough of waiting around - Reform is ready for an election and we can deliver radical change.

Sign our petition if you want a General Election.",https://www.facebook.com/ads/library/?id=27886626401024366
Reform UK,Reform UK,2026-07-19,still running,50,2500,"facebook, instagram","Enough of waiting around - Reform is ready for an election and we can deliver radical change.

Sign our petition if you want a General Election.",https://www.facebook.com/ads/library/?id=897292203422711
Reform UK,Reform UK,2026-07-19,still running,50,2500,"facebook, instagram","Enough of waiting around - Reform is ready for an election and we can deliver radical change.

Sign our petition if you want a General Election.",https://www.facebook.com/ads/library/?id=954724307622125
Reform UK,Reform UK,2026-07-19,still running,50,2500,"facebook, instagram","Enough of waiting around - Reform is ready for an election and we can deliver radical change.

Sign our petition if you want a General Election.",https://www.facebook.com/ads/library/?id=966341096428098
Reform UK,Reform UK,2026-07-19,still running,50,2500,"facebook, instagram","Enough of waiting around - Reform is ready for an election and we can deliver radical change.

Sign our petition if you want a General Election.",https://www.facebook.com/ads/library/?id=1015639938061936
Reform UK,Reform UK,2026-07-19,still running,50,2500,"facebook, instagram","Enough of waiting around - Reform is ready for an election and we can deliver radical change.

Sign our petition if you want a General Election.",https://www.facebook.com/ads/library/?id=1021118870538234
Reform UK,Reform UK,2026-07-19,still running,50,2500,"facebook, instagram","Enough of waiting around - Reform is ready for an election and we can deliver radical change.

Sign our petition if you want a General Election.",https://www.facebook.com/ads/library/?id=1030495996349095
Reform UK,Reform UK,2026-07-19,still running,50,2500,"facebook, instagram","Enough of waiting around - Reform is ready for an election and we can deliver radical change.

Sign our petition if you want a General Election.",https://www.facebook.com/ads/library/?id=1092290320262203
Reform UK,Reform UK,2026-07-19,still running,50,2500,"facebook, instagram","Enough of waiting around - Reform is ready for an election and we can deliver radical change.

Sign our petition if you want a General Election.",https://www.facebook.com/ads/library/?id=1096247652838126
Reform UK,Reform UK,2026-07-19,still running,50,2500,"facebook, instagram","Enough of waiting around - Reform is ready for an election and we can deliver radical change.

Sign our petition if you want a General Election.",https://www.facebook.com/ads/library/?id=1280407387317969
Reform UK,Reform UK,2026-07-19,still running,50,2500,"facebook, instagram","Enough of waiting around - Reform is ready for an election and we can deliver radical change.

Sign our petition if you want a General Election.",https://www.facebook.com/ads/library/?id=1327794472390638
Reform UK,Reform UK,2026-07-19,still running,50,2500,"facebook, instagram","Enough of waiting around - Reform is ready for an election and we can deliver radical change.

Sign our petition if you want a General Election.",https://www.facebook.com/ads/library/?id=1339035421715916
Reform UK,Reform UK,2026-07-19,still running,50,2500,"facebook, instagram","Enough of waiting around - Reform is ready for an election and we can deliver radical change.

Sign our petition if you want a General Election.",https://www.facebook.com/ads/library/?id=1346567627003611
Reform UK,Reform UK,2026-07-19,still running,50,2500,"facebook, instagram","Enough of waiting around - Reform is ready for an election and we can deliver radical change.

Sign our petition if you want a General Election.",https://www.facebook.com/ads/library/?id=1359962273013122
Reform UK,Reform UK,2026-07-19,still running,50,2500,"facebook, instagram","Enough of waiting around - Reform is ready for an election and we can deliver radical change.

Sign our petition if you want a General Election.",https://www.facebook.com/ads/library/?id=1394145866194860
Reform UK,Reform UK,2026-07-19,still running,50,2500,"facebook, instagram","Enough of waiting around - Reform is ready for an election and we can deliver radical change.

Sign our petition if you want a General Election.",https://www.facebook.com/ads/library/?id=1400403258599181
Reform UK,Reform UK,2026-07-19,still running,50,3500,"facebook, instagram","Enough of waiting around - Reform is ready for an election and we can deliver radical change.

Sign our petition if you want a General Election.",https://www.facebook.com/ads/library/?id=1486087280222357
Reform UK,Reform UK,2026-07-19,still running,50,2500,"facebook, instagram","Enough of waiting around - Reform is ready for an election and we can deliver radical change.

Sign our petition if you want a General Election.",https://www.facebook.com/ads/library/?id=1582377850158897
Reform UK,Reform UK,2026-07-19,still running,50,2500,"facebook, instagram","Enough of waiting around - Reform is ready for an election and we can deliver radical change.

Sign our petition if you want a General Election.",https://www.facebook.com/ads/library/?id=1659874575124166
Reform UK,Reform UK,2026-07-19,still running,50,2500,"facebook, instagram","Enough of waiting around - Reform is ready for an election and we can deliver radical change.

Sign our petition if you want a General Election.",https://www.facebook.com/ads/library/?id=1672317400731782
Reform UK,Reform UK,2026-07-19,still running,50,2500,"facebook, instagram","Enough of waiting around - Reform is ready for an election and we can deliver radical change.

Sign our petition if you want a General Election.",https://www.facebook.com/ads/library/?id=1687364292528845
Reform UK,Reform UK,2026-07-19,still running,50,2500,"facebook, instagram","Enough of waiting around - Reform is ready for an election and we can deliver radical change.

Sign our petition if you want a General Election.",https://www.facebook.com/ads/library/?id=1716925569396172
Reform UK,Reform UK,2026-07-19,still running,50,2500,"facebook, instagram","Enough of waiting around - Reform is ready for an election and we can deliver radical change.

Sign our petition if you want a General Election.",https://www.facebook.com/ads/library/?id=2008580083099745
Reform UK,Reform UK,2026-07-19,still running,50,2500,"facebook, instagram","Enough of waiting around - Reform is ready for an election and we can deliver radical change.

Sign our petition if you want a General Election.",https://www.facebook.com/ads/library/?id=2207581799975022
Reform UK,Reform UK,2026-07-19,still running,50,2500,"facebook, instagram","Enough of waiting around - Reform is ready for an election and we can deliver radical change.

Sign our petition if you want a General Election.",https://www.facebook.com/ads/library/?id=2239211060232949
Reform UK,Reform UK,2026-07-19,still running,50,2500,"facebook, instagram","Enough of waiting around - Reform is ready for an election and we can deliver radical change.

Sign our petition if you want a General Election.",https://www.facebook.com/ads/library/?id=2475109112994392
Reform UK,Reform UK,2026-07-19,still running,50,2500,"facebook, instagram","Enough of waiting around - Reform is ready for an election and we can deliver radical change.

Sign our petition if you want a General Election.",https://www.facebook.com/ads/library/?id=2479548012523903
Reform UK,Reform UK,2026-07-19,still running,50,3500,"facebook, instagram","Enough of waiting around - Reform is ready for an election and we can deliver radical change.

Sign our petition if you want a General Election.",https://www.facebook.com/ads/library/?id=2548638202265760
Reform UK,Reform UK,2026-07-19,still running,50,2500,"facebook, instagram","Enough of waiting around - Reform is ready for an election and we can deliver radical change.

Sign our petition if you want a General Election.",https://www.facebook.com/ads/library/?id=3171039299764166
Reform UK,Reform UK,2026-07-19,still running,50,2500,"facebook, instagram","Enough of waiting around - Reform is ready for an election and we can deliver radical change.

Sign our petition if you want a General Election.",https://www.facebook.com/ads/library/?id=3553151038182432
Reform UK,Reform UK,2026-07-19,still running,50,3500,"facebook, instagram","Enough of waiting around - Reform is ready for an election and we can deliver radical change.

Sign our petition if you want a General Election.",https://www.facebook.com/ads/library/?id=4321179691481347
Reform UK,Reform UK,2026-07-19,still running,50,2500,"facebook, instagram","Enough of waiting around - Reform is ready for an election and we can deliver radical change.

Sign our petition if you want a General Election.",https://www.facebook.com/ads/library/?id=4430926513785807
Reform UK,Reform UK,2026-07-19,still running,50,2500,"facebook, instagram","Enough of waiting around - Reform is ready for an election and we can deliver radical change.

Sign our petition if you want a General Election.",https://www.facebook.com/ads/library/?id=4440110909635690
Reform UK,Reform UK,2026-07-19,still running,50,2500,"facebook, instagram","Enough of waiting around - Reform is ready for an election and we can deliver radical change.

Sign our petition if you want a General Election.",https://www.facebook.com/ads/library/?id=4679771332246283
Reform UK,Reform UK,2026-07-19,still running,50,2500,"facebook, instagram","Enough of waiting around - Reform is ready for an election and we can deliver radical change.

Sign our petition if you want a General Election.",https://www.facebook.com/ads/library/?id=27279071811795318
Reform UK,Reform UK,2026-07-19,still running,50,2500,"facebook, instagram","Enough of waiting around - Reform is ready for an election and we can deliver radical change.

Sign our petition if you want a General Election.",https://www.facebook.com/ads/library/?id=1712523909798230
Reform UK,Reform UK,2026-07-19,still running,50,2500,"facebook, instagram","Enough of waiting around - Reform is ready for an election and we can deliver radical change.

Sign our petition if you want a General Election.",https://www.facebook.com/ads/library/?id=1816886375967860
Reform UK,Reform UK,2026-07-19,still running,50,2500,"facebook, instagram","Enough of waiting around - Reform is ready for an election and we can deliver radical change.

Sign our petition if you want a General Election.",https://www.facebook.com/ads/library/?id=2618569885212154
Green Party of England and Wales,Green,2026-07-18,still running,950,375000,"facebook, instagram","On July 30th, vote tactically - vote Green first. On July 30th, vote tactically - vote Green first.",https://www.facebook.com/ads/library/?id=2582638385516763
Green Party of England and Wales,Green,2026-07-18,still running,450,325000,"facebook, instagram","On July 30th, vote tactically - vote Green first. On July 30th, vote tactically - vote Green first.",https://www.facebook.com/ads/library/?id=1048104361025837
Green Party of England and Wales,Green,2026-07-18,still running,250,162500,"facebook, instagram","On July 30th, vote tactically - vote Green first. On July 30th, vote tactically - vote Green first.",https://www.facebook.com/ads/library/?id=1070753758719606
Green Party of England and Wales,Green,2026-07-18,still running,50,65000,"facebook, instagram","On July 30th, vote tactically - vote Green first. On July 30th, vote tactically - vote Green first.",https://www.facebook.com/ads/library/?id=1360217385437846
Green Party of England and Wales,Green,2026-07-18,still running,450,225000,"facebook, instagram","On July 30th, vote tactically - vote Green first. On July 30th, vote tactically - vote Green first.",https://www.facebook.com/ads/library/?id=1366504945617446
Green Party of England and Wales,Green,2026-07-18,still running,650,425000,"facebook, instagram","On July 30th, vote tactically - vote Green first. On July 30th, vote tactically - vote Green first.",https://www.facebook.com/ads/library/?id=1571195451356108
Green Party of England and Wales,Green,2026-07-18,still running,150,85000,"facebook, instagram","On July 30th, vote tactically - vote Green first. On July 30th, vote tactically - vote Green first.",https://www.facebook.com/ads/library/?id=1911030763615485
Green Party of England and Wales,Green,2026-07-18,still running,1250,650000,"facebook, instagram","On July 30th, vote tactically - vote Green first. On July 30th, vote tactically - vote Green first.",https://www.facebook.com/ads/library/?id=3061647757518385
Green Party of England and Wales,Green,2026-07-18,still running,650,275000,"facebook, instagram",BREAKING: Greens surge in the Greater Manchester mayoral race. Vote Green on July 30th to replace Labour and stop Reform.,https://www.facebook.com/ads/library/?id=995907173267351
Green Party of England and Wales,Green,2026-07-18,still running,250,137500,"facebook, instagram",BREAKING: Greens surge in the Greater Manchester mayoral race. Vote Green on July 30th to replace Labour and stop Reform.,https://www.facebook.com/ads/library/?id=1360802576182750
Green Party of England and Wales,Green,2026-07-18,still running,150,85000,"facebook, instagram",BREAKING: Greens surge in the Greater Manchester mayoral race. Vote Green on July 30th to replace Labour and stop Reform.,https://www.facebook.com/ads/library/?id=1030676629822726
Green Party of England and Wales,Green,2026-07-18,still running,250,137500,"facebook, instagram",BREAKING: Greens surge in the Greater Manchester mayoral race. Vote Green on July 30th to replace Labour and stop Reform.,https://www.facebook.com/ads/library/?id=1068819345705921
Green Party of England and Wales,Green,2026-07-18,still running,50,37500,"facebook, instagram",BREAKING: Greens surge in the Greater Manchester mayoral race. Vote Green on July 30th to replace Labour and stop Reform.,https://www.facebook.com/ads/library/?id=1535462851590498
Green Party of England and Wales,Green,2026-07-18,still running,450,325000,"facebook, instagram",BREAKING: Greens surge in the Greater Manchester mayoral race. Vote Green on July 30th to replace Labour and stop Reform.,https://www.facebook.com/ads/library/?id=2016543262321491
Green Party of England and Wales,Green,2026-07-18,still running,50,22500,"facebook, instagram",BREAKING: Greens surge in the Greater Manchester mayoral race. Vote Green on July 30th to replace Labour and stop Reform.,https://www.facebook.com/ads/library/?id=2936281146707467
Green Party of England and Wales,Green,2026-07-18,still running,750,375000,"facebook, instagram",BREAKING: Greens surge in the Greater Manchester mayoral race. Vote Green on July 30th to replace Labour and stop Reform.,https://www.facebook.com/ads/library/?id=2459178987921174
Green Party of England and Wales,Green,2026-07-18,still running,50,22500,"facebook, instagram","New data from 3,000+ residents shows Greens surging in Greater Manchester. Vote Green on July 30th. New data from 3,000+ residents shows Greens surging in Greater Manchester. Vote Green on July 30th.",https://www.facebook.com/ads/library/?id=2012073653013814
Green Party of England and Wales,Green,2026-07-18,still running,250,137500,"facebook, instagram","New data from 3,000+ residents shows Greens surging in Greater Manchester. Vote Green on July 30th. New data from 3,000+ residents shows Greens surging in Greater Manchester. Vote Green on July 30th.",https://www.facebook.com/ads/library/?id=1317548753926866
Green Party of England and Wales,Green,2026-07-18,still running,150,75000,"facebook, instagram","New data from 3,000+ residents shows Greens surging in Greater Manchester. Vote Green on July 30th. New data from 3,000+ residents shows Greens surging in Greater Manchester. Vote Green on July 30th.",https://www.facebook.com/ads/library/?id=1345553121034265
Green Party of England and Wales,Green,2026-07-18,still running,150,85000,"facebook, instagram","New data from 3,000+ residents shows Greens surging in Greater Manchester. Vote Green on July 30th. New data from 3,000+ residents shows Greens surging in Greater Manchester. Vote Green on July 30th.",https://www.facebook.com/ads/library/?id=1575515120691449
Green Party of England and Wales,Green,2026-07-18,still running,550,225000,"facebook, instagram","New data from 3,000+ residents shows Greens surging in Greater Manchester. Vote Green on July 30th. New data from 3,000+ residents shows Greens surging in Greater Manchester. Vote Green on July 30th.",https://www.facebook.com/ads/library/?id=2470327106802772
Green Party of England and Wales,Green,2026-07-18,still running,250,162500,"facebook, instagram","New data from 3,000+ residents shows Greens surging in Greater Manchester. Vote Green on July 30th. New data from 3,000+ residents shows Greens surging in Greater Manchester. Vote Green on July 30th.",https://www.facebook.com/ads/library/?id=2476486736200675
Green Party of England and Wales,Green,2026-07-18,still running,650,425000,"facebook, instagram","New data from 3,000+ residents shows Greens surging in Greater Manchester. Vote Green on July 30th. New data from 3,000+ residents shows Greens surging in Greater Manchester. Vote Green on July 30th.",https://www.facebook.com/ads/library/?id=3137558583261675
Green Party of England and Wales,Green,2026-07-18,still running,1250,650000,"facebook, instagram","New data from 3,000+ residents shows Greens surging in Greater Manchester. Vote Green on July 30th. New data from 3,000+ residents shows Greens surging in Greater Manchester. Vote Green on July 30th.",https://www.facebook.com/ads/library/?id=1592386779343845
Green Party of England and Wales,Green,2026-07-18,still running,250,95000,"facebook, instagram","Replace Labour, Stop Reform, Vote Green on July 30th A Green Mayor will take Greater Manchester back from big money. Vote Green on July 30th.",https://www.facebook.com/ads/library/?id=813212038452506
Green Party of England and Wales,Green,2026-07-18,still running,50,37500,"facebook, instagram","Replace Labour, Stop Reform, Vote Green on July 30th A Green Mayor will take Greater Manchester back from big money. Vote Green on July 30th.",https://www.facebook.com/ads/library/?id=1067223339204661
Green Party of England and Wales,Green,2026-07-18,still running,50,55000,"facebook, instagram","Replace Labour, Stop Reform, Vote Green on July 30th A Green Mayor will take Greater Manchester back from big money. Vote Green on July 30th.",https://www.facebook.com/ads/library/?id=1048704994265879
Green Party of England and Wales,Green,2026-07-18,still running,150,65000,"facebook, instagram","Replace Labour, Stop Reform, Vote Green on July 30th A Green Mayor will take Greater Manchester back from big money. Vote Green on July 30th.",https://www.facebook.com/ads/library/?id=1512389830074646
Green Party of England and Wales,Green,2026-07-18,still running,150,112500,"facebook, instagram","Replace Labour, Stop Reform, Vote Green on July 30th A Green Mayor will take Greater Manchester back from big money. Vote Green on July 30th.",https://www.facebook.com/ads/library/?id=1566600561802768
Green Party of England and Wales,Green,2026-07-18,still running,150,85000,"facebook, instagram","Replace Labour, Stop Reform, Vote Green on July 30th A Green Mayor will take Greater Manchester back from big money. Vote Green on July 30th.",https://www.facebook.com/ads/library/?id=1735718437803248
Green Party of England and Wales,Green,2026-07-18,still running,50,22500,"facebook, instagram","Replace Labour, Stop Reform, Vote Green on July 30th A Green Mayor will take Greater Manchester back from big money. Vote Green on July 30th.",https://www.facebook.com/ads/library/?id=2145471409700135
Green Party of England and Wales,Green,2026-07-18,still running,350,162500,"facebook, instagram","Replace Labour, Stop Reform, Vote Green on July 30th A Green Mayor will take Greater Manchester back from big money. Vote Green on July 30th.",https://www.facebook.com/ads/library/?id=4504625193197529
The Labour Party,Labour,2026-07-18,2026-07-20,50,9500,"facebook, instagram","This is our chance to put power back where it belongs, and build a country that works for ordinary people rather than against them.

Join the Labour Party today, and let’s do this together. This is our chance to put power back where it belongs, and build a country that works for ordinary people rather than against them.

Join the Labour Party today, and let’s do this together.",https://www.facebook.com/ads/library/?id=1559686755940470
Nigel Farage,Reform UK,2026-07-17,2026-07-20,150,22500,"facebook, instagram","I joined Cllr Melanie Moakson in Walton to talk about the issues that local people face. Local authorities must be held to account.

Here’s how I’ll be sticking up for residents in Walton. I joined Cllr Melanie Moakson in Walton to talk about the issues that local people face. Local authorities must be held to account.

Here’s how I’ll be sticking up for residents in Walton.",https://www.facebook.com/ads/library/?id=3119883144863553
The Labour Party,Labour,2026-07-17,2026-07-22,2250,225000,"facebook, instagram","Andy Burnham wants to do things differently: problem-solving, not point-scoring; long-term, not short-term; power taken out of Westminster and put into the hands of people and places.

If you agree, add your name and tell us what matters most to you. Andy Burnham wants to do things differently: problem-solving, not point-scoring; long-term, not short-term; power taken out of Westminster and put into the hands of people and places.

If you agree, add your name and tell us what matters most to you. Andy Burnham wants to do things differently: problem-solving, not point-scoring; long-term, not short-term; power taken out of Westminster and put into the hands of people and places.

If you agree, add your name and tell us what matters most to you.",https://www.facebook.com/ads/library/?id=1811660503547958
The Reclaim Party,Reclaim,2026-07-17,2026-07-22,550,137500,"facebook, instagram",🚨 Laurence Fox to stand in the Clacton by-election 🚨,https://www.facebook.com/ads/library/?id=1661097808313324
The Reclaim Party,Reclaim,2026-07-17,2026-07-18,50,12500,"facebook, instagram",🚨 Laurence Fox to stand in the Clacton by-election 🚨,https://www.facebook.com/ads/library/?id=1580151777018273
The Reclaim Party,Reclaim,2026-07-17,2026-07-22,850,137500,"facebook, instagram",🚨 Laurence Fox to stand in the Clacton by-election 🚨,https://www.facebook.com/ads/library/?id=1344854597756724
Green Party of England and Wales,Green,2026-07-15,still running,1750,750000,"facebook, instagram","On July 30th, vote Green to replace Labour and stop Reform. On July 30th, vote Green to replace Labour and stop Reform.",https://www.facebook.com/ads/library/?id=1589535729198718
Green Party of England and Wales,Green,2026-07-15,still running,1250,550000,"facebook, instagram","On July 30th, vote Green to replace Labour and stop Reform. On July 30th, vote Green to replace Labour and stop Reform.",https://www.facebook.com/ads/library/?id=2117588198801921
Green Party of England and Wales,Green,2026-07-15,still running,350,225000,"facebook, instagram","On July 30th, vote Green to replace Labour and stop Reform. On July 30th, vote Green to replace Labour and stop Reform.",https://www.facebook.com/ads/library/?id=2593424207783164
Green Party of England and Wales,Green,2026-07-15,still running,1750,750000,"facebook, instagram","On July 30th, vote Green to replace Labour and stop Reform. On July 30th, vote Green to replace Labour and stop Reform.",https://www.facebook.com/ads/library/?id=1227506749445596
Green Party of England and Wales,Green,2026-07-15,still running,150,85000,"facebook, instagram","On July 30th, vote Green to replace Labour and stop Reform. On July 30th, vote Green to replace Labour and stop Reform.",https://www.facebook.com/ads/library/?id=1309329951188814
Green Party of England and Wales,Green,2026-07-15,still running,350,225000,"facebook, instagram","On July 30th, vote Green to replace Labour and stop Reform. On July 30th, vote Green to replace Labour and stop Reform.",https://www.facebook.com/ads/library/?id=1450600670149260
Green Party of England and Wales,Green,2026-07-15,still running,750,425000,"facebook, instagram","On July 30th, vote Green to replace Labour and stop Reform. On July 30th, vote Green to replace Labour and stop Reform.",https://www.facebook.com/ads/library/?id=1451561446777991
Green Party of England and Wales,Green,2026-07-15,still running,1250,750000,"facebook, instagram","On July 30th, vote Green to replace Labour and stop Reform. On July 30th, vote Green to replace Labour and stop Reform.",https://www.facebook.com/ads/library/?id=1681028453185359
Green Party of England and Wales,Green,2026-07-15,still running,1750,850000,"facebook, instagram","On July 30th, vote Green to replace Labour and stop Reform. On July 30th, vote Green to replace Labour and stop Reform.",https://www.facebook.com/ads/library/?id=878036992044093
The Reclaim Party,Reclaim,2026-07-14,still running,50,8500,"facebook, instagram","Join the movement today and show that you care and want to be counted!  Wear your I❤️🇬🇧 badge to show we are not alone!

Celebrate and project your love of the values that made Britain Great – freedom of speech, the Mother of Parliamentary Democracy, the rule of law, fair play and courtesy.

Every day, those of us who are proud of these attributes feel more and more censored, oppressed, smeared or even cancelled for our views.

It’s not easy or comfortable taking on those out to silence us.

We will only roll back the woke and the politically correct if we demonstrate the size of our community. 💪 Join the movement today and show that you care and want to be counted!  Wear your I❤️🇬🇧 badge to show we are not alone!

Celebrate and project your love of the values that made Britain Great – freedom of speech, the Mother of Parliamentary Democracy, the rule of law, fair play and courtesy.

Every day, those of us who are proud of these attributes feel more and more censored, oppressed, smeared or even cancelled for our views.

It’s not easy or comfortable taking on those out to silence us.

We will only roll back the woke and the politically correct if we demonstrate the size of our community. 💪",https://www.facebook.com/ads/library/?id=1852220419326943
Conservatives,Conservative,2026-07-11,still running,50,4500,"facebook, instagram","🚨Vote for local man Richard Thorne in Cuxton, Halling & Riverside  - the only candidate who actually lives in the ward.",https://www.facebook.com/ads/library/?id=1568906051313108
Conservatives,Conservative,2026-07-06,still running,50,550,"facebook, instagram",🚨BREAKING: Only the Conservatives can stop Reform in the Cuxton by-election on Thursday 23rd July,https://www.facebook.com/ads/library/?id=1744614216984930
Reform UK,Reform UK,2026-06-23,still running,150,32500,"facebook, instagram","Enough of waiting around - Reform is ready for an election and we can deliver radical change.

Sign our petition if you want a General Election.",https://www.facebook.com/ads/library/?id=1902406077136406
Reform UK,Reform UK,2026-06-23,still running,150,32500,"facebook, instagram","Enough of waiting around - Reform is ready for an election and we can deliver radical change.

Sign our petition if you want a General Election.",https://www.facebook.com/ads/library/?id=2262084737869114
Reform UK,Reform UK,2026-06-23,still running,850,650000,facebook,,https://www.facebook.com/ads/library/?id=1361004629232246
Reform UK,Reform UK,2026-05-27,still running,1750,475000,"facebook, instagram",Click here and sign our petition if you agree that illegal arrivals to the UK should be detained and deported. Click here and sign our petition if you agree that illegal arrivals to the UK should be detained and deported.,https://www.facebook.com/ads/library/?id=914015365030257
Reform UK,Reform UK,2026-05-27,still running,1750,425000,"facebook, instagram",Click here and sign our petition if you agree that illegal arrivals to the UK should be detained and deported. Click here and sign our petition if you agree that illegal arrivals to the UK should be detained and deported.,https://www.facebook.com/ads/library/?id=1535224878195943
Reform UK,Reform UK,2026-05-27,still running,1750,425000,"facebook, instagram",Click here and sign our petition if you agree that illegal arrivals to the UK should be detained and deported. Click here and sign our petition if you agree that illegal arrivals to the UK should be detained and deported.,https://www.facebook.com/ads/library/?id=1506902310932166
Reform UK,Reform UK,2026-05-27,still running,1750,425000,"facebook, instagram",Click here and sign our petition if you agree that illegal arrivals to the UK should be detained and deported. Click here and sign our petition if you agree that illegal arrivals to the UK should be detained and deported.,https://www.facebook.com/ads/library/?id=1309010163985088
Reform UK,Reform UK,2026-05-27,still running,1750,425000,"facebook, instagram",Click here and sign our petition if you agree that illegal arrivals to the UK should be detained and deported. Click here and sign our petition if you agree that illegal arrivals to the UK should be detained and deported.,https://www.facebook.com/ads/library/?id=1910235422971653
The Reclaim Party,Reclaim,2026-05-08,still running,1250,187500,"facebook, instagram","Join the movement today and show that you care and want to be counted!  Wear your I❤️🇬🇧 badge to show we are not alone!

Celebrate and project your love of the values that made Britain Great – freedom of speech, the Mother of Parliamentary Democracy, the rule of law, fair play and courtesy.

Every day, those of us who are proud of these attributes feel more and more censored, oppressed, smeared or even cancelled for our views.

It’s not easy or comfortable taking on those out to silence us.

We will only roll back the woke and the politically correct if we demonstrate the size of our community. 💪 Join the movement today and show that you care and want to be counted!  Wear your I❤️🇬🇧 badge to show we are not alone!

Celebrate and project your love of the values that made Britain Great – freedom of speech, the Mother of Parliamentary Democracy, the rule of law, fair play and courtesy.

Every day, those of us who are proud of these attributes feel more and more censored, oppressed, smeared or even cancelled for our views.

It’s not easy or comfortable taking on those out to silence us.

We will only roll back the woke and the politically correct if we demonstrate the size of our community. 💪 Join the movement today and show that you care and want to be counted!  Wear your I❤️🇬🇧 badge to show we are not alone!

Celebrate and project your love of the values that made Britain Great – freedom of speech, the Mother of Parliamentary Democracy, the rule of law, fair play and courtesy.

Every day, those of us who are proud of these attributes feel more and more censored, oppressed, smeared or even cancelled for our views.

It’s not easy or comfortable taking on those out to silence us.

We will only roll back the woke and the politically correct if we demonstrate the size of our community. 💪 Join the movement today and show that you care and want to be counted!  Wear your I❤️🇬🇧 badge to show we are not alone!

Celebrate and project your love of the values that made Britain Great – freedom of speech, the Mother of Parliamentary Democracy, the rule of law, fair play and courtesy.

Every day, those of us who are proud of these attributes feel more and more censored, oppressed, smeared or even cancelled for our views.

It’s not easy or comfortable taking on those out to silence us.

We will only roll back the woke and the politically correct if we demonstrate the size of our community. 💪",https://www.facebook.com/ads/library/?id=1510503294053829
